--
-- PostgreSQL database dump
--

-- Dumped from database version 9.5.2
-- Dumped by pg_dump version 9.5.2

-- Started on 2016-07-15 12:16:53

SET statement_timeout = 0;
SET lock_timeout = 0;
SET client_encoding = 'UTF8';
SET standard_conforming_strings = on;
SET check_function_bodies = false;
SET client_min_messages = warning;
SET row_security = off;

--
-- TOC entry 1 (class 3079 OID 12355)
-- Name: plpgsql; Type: EXTENSION; Schema: -; Owner: 
--

CREATE EXTENSION IF NOT EXISTS plpgsql WITH SCHEMA pg_catalog;


--
-- TOC entry 2158 (class 0 OID 0)
-- Dependencies: 1
-- Name: EXTENSION plpgsql; Type: COMMENT; Schema: -; Owner: 
--

COMMENT ON EXTENSION plpgsql IS 'PL/pgSQL procedural language';


SET search_path = public, pg_catalog;

SET default_tablespace = '';

SET default_with_oids = false;

--
-- TOC entry 187 (class 1259 OID 32971)
-- Name: cooked_meals; Type: TABLE; Schema: public; Owner: Myhome
--

CREATE TABLE cooked_meals (
    id_dish bigint NOT NULL,
    dish integer NOT NULL,
    cook integer NOT NULL,
    order_name integer NOT NULL,
    "time" date
);


ALTER TABLE cooked_meals OWNER TO "Myhome";

--
-- TOC entry 184 (class 1259 OID 32840)
-- Name: dish; Type: TABLE; Schema: public; Owner: Myhome
--

CREATE TABLE dish (
    id integer NOT NULL,
    title character varying(80) NOT NULL,
    category character varying(80) NOT NULL,
    ingredient_1 integer NOT NULL,
    ingredient_2 integer,
    ingredient_3 integer,
    cost bigint,
    weight bigint
);


ALTER TABLE dish OWNER TO "Myhome";

--
-- TOC entry 182 (class 1259 OID 32805)
-- Name: employee; Type: TABLE; Schema: public; Owner: Myhome
--

CREATE TABLE employee (
    id integer NOT NULL,
    surname character varying(80) NOT NULL,
    name character varying(80) NOT NULL,
    birthday date,
    phone bigint,
    "position" character varying(50),
    salary bigint
);


ALTER TABLE employee OWNER TO "Myhome";

--
-- TOC entry 181 (class 1259 OID 32791)
-- Name: ingredients; Type: TABLE; Schema: public; Owner: Myhome
--

CREATE TABLE ingredients (
    id integer NOT NULL,
    ingredient character varying(50) NOT NULL,
    temperature integer
);


ALTER TABLE ingredients OWNER TO "Myhome";

--
-- TOC entry 185 (class 1259 OID 32875)
-- Name: menu; Type: TABLE; Schema: public; Owner: Myhome
--

CREATE TABLE menu (
    id integer NOT NULL,
    title character varying(80) NOT NULL,
    dish_1 integer NOT NULL,
    dish_2 integer
);


ALTER TABLE menu OWNER TO "Myhome";

--
-- TOC entry 186 (class 1259 OID 32926)
-- Name: order_name; Type: TABLE; Schema: public; Owner: Myhome
--

CREATE TABLE order_name (
    id bigint NOT NULL,
    waiter integer NOT NULL,
    dish_1 integer NOT NULL,
    dish_2 integer,
    dish_3 integer,
    table_number integer,
    "time" date,
    open_order boolean
);


ALTER TABLE order_name OWNER TO "Myhome";

--
-- TOC entry 183 (class 1259 OID 32820)
-- Name: stock; Type: TABLE; Schema: public; Owner: Myhome
--

CREATE TABLE stock (
    id integer NOT NULL,
    ingredient character varying(80) NOT NULL,
    quantity bigint,
    ingredient_id integer
);


ALTER TABLE stock OWNER TO "Myhome";

--
-- TOC entry 2150 (class 0 OID 32971)
-- Dependencies: 187
-- Data for Name: cooked_meals; Type: TABLE DATA; Schema: public; Owner: Myhome
--

COPY cooked_meals (id_dish, dish, cook, order_name, "time") FROM stdin;
10000	2	2	1000	2016-05-24
20000	1	2	1000	2016-05-24
30000	3	2	1000	2016-05-24
40000	3	3	2000	2016-05-24
50000	1	3	3000	2016-05-24
60000	3	1	3000	2016-05-24
\.


--
-- TOC entry 2147 (class 0 OID 32840)
-- Dependencies: 184
-- Data for Name: dish; Type: TABLE DATA; Schema: public; Owner: Myhome
--

COPY dish (id, title, category, ingredient_1, ingredient_2, ingredient_3, cost, weight) FROM stdin;
1	soup	First	2	1	3	135	350
2	risotto	Second	2	4	5	335	450
3	pasta	First	2	3	4	450	150
\.


--
-- TOC entry 2145 (class 0 OID 32805)
-- Dependencies: 182
-- Data for Name: employee; Type: TABLE DATA; Schema: public; Owner: Myhome
--

COPY employee (id, surname, name, birthday, phone, "position", salary) FROM stdin;
1	Khlopkov	Ivan	1994-11-27	5011122212	waiter	2500
2	Ivanov	Denis	1998-01-12	50166612	senior cook	3500
5	Franco	Sergeu	2016-06-08	89695	cleaner	7886
6	Elena	Prelay	1976-04-14	503345212	senior waiter	6500
4	Degtyr	Oleg	1977-09-07	502245212	cook	12500
3	Coodry	Vladimir	1985-04-05	5011444212	senior waiter	6500
11	Khlopkovfff	Ivanrrr	1999-11-27	501555522212	wr	25000
\.


--
-- TOC entry 2144 (class 0 OID 32791)
-- Dependencies: 181
-- Data for Name: ingredients; Type: TABLE DATA; Schema: public; Owner: Myhome
--

COPY ingredients (id, ingredient, temperature) FROM stdin;
1	Cabbage	6
2	Carrot	6
4	Squash	6
5	Meat	8
3	Potato	8
6	rrrr	22
7	55555	3
8	5555	555
9	rr	55
10	fff	33
11	ff@ee	33
\.


--
-- TOC entry 2148 (class 0 OID 32875)
-- Dependencies: 185
-- Data for Name: menu; Type: TABLE DATA; Schema: public; Owner: Myhome
--

COPY menu (id, title, dish_1, dish_2) FROM stdin;
1	Spring	2	1
2	Autumn	3	1
\.


--
-- TOC entry 2149 (class 0 OID 32926)
-- Dependencies: 186
-- Data for Name: order_name; Type: TABLE DATA; Schema: public; Owner: Myhome
--

COPY order_name (id, waiter, dish_1, dish_2, dish_3, table_number, "time", open_order) FROM stdin;
1000	2	2	1	3	12	2016-05-24	t
3000	4	3	\N	1	16	2016-05-24	t
2000	5	3	\N	\N	13	\N	t
\.


--
-- TOC entry 2146 (class 0 OID 32820)
-- Dependencies: 183
-- Data for Name: stock; Type: TABLE DATA; Schema: public; Owner: Myhome
--

COPY stock (id, ingredient, quantity, ingredient_id) FROM stdin;
1	Cabbage	200	1
2	Carrot	200	2
3	Potato	200	3
4	Cabbage	200	1
5	Squash	200	4
6	Meat	200	5
\.


--
-- TOC entry 2016 (class 2606 OID 32975)
-- Name: cooked_meals_pkey; Type: CONSTRAINT; Schema: public; Owner: Myhome
--

ALTER TABLE ONLY cooked_meals
    ADD CONSTRAINT cooked_meals_pkey PRIMARY KEY (id_dish);


--
-- TOC entry 2010 (class 2606 OID 32844)
-- Name: dish_pkey; Type: CONSTRAINT; Schema: public; Owner: Myhome
--

ALTER TABLE ONLY dish
    ADD CONSTRAINT dish_pkey PRIMARY KEY (id);


--
-- TOC entry 2006 (class 2606 OID 32809)
-- Name: employee_pkey; Type: CONSTRAINT; Schema: public; Owner: Myhome
--

ALTER TABLE ONLY employee
    ADD CONSTRAINT employee_pkey PRIMARY KEY (id);


--
-- TOC entry 2004 (class 2606 OID 32795)
-- Name: ingredients_pkey; Type: CONSTRAINT; Schema: public; Owner: Myhome
--

ALTER TABLE ONLY ingredients
    ADD CONSTRAINT ingredients_pkey PRIMARY KEY (id);


--
-- TOC entry 2012 (class 2606 OID 32879)
-- Name: menu_pkey; Type: CONSTRAINT; Schema: public; Owner: Myhome
--

ALTER TABLE ONLY menu
    ADD CONSTRAINT menu_pkey PRIMARY KEY (id);


--
-- TOC entry 2014 (class 2606 OID 32930)
-- Name: order_name_pkey; Type: CONSTRAINT; Schema: public; Owner: Myhome
--

ALTER TABLE ONLY order_name
    ADD CONSTRAINT order_name_pkey PRIMARY KEY (id);


--
-- TOC entry 2008 (class 2606 OID 32824)
-- Name: stock_pkey; Type: CONSTRAINT; Schema: public; Owner: Myhome
--

ALTER TABLE ONLY stock
    ADD CONSTRAINT stock_pkey PRIMARY KEY (id);


--
-- TOC entry 2028 (class 2606 OID 32981)
-- Name: cook; Type: FK CONSTRAINT; Schema: public; Owner: Myhome
--

ALTER TABLE ONLY cooked_meals
    ADD CONSTRAINT cook FOREIGN KEY (cook) REFERENCES employee(id);


--
-- TOC entry 2027 (class 2606 OID 32976)
-- Name: dish; Type: FK CONSTRAINT; Schema: public; Owner: Myhome
--

ALTER TABLE ONLY cooked_meals
    ADD CONSTRAINT dish FOREIGN KEY (dish) REFERENCES dish(id);


--
-- TOC entry 2024 (class 2606 OID 32936)
-- Name: dish_1; Type: FK CONSTRAINT; Schema: public; Owner: Myhome
--

ALTER TABLE ONLY order_name
    ADD CONSTRAINT dish_1 FOREIGN KEY (dish_1) REFERENCES dish(id);


--
-- TOC entry 2025 (class 2606 OID 32941)
-- Name: dish_2; Type: FK CONSTRAINT; Schema: public; Owner: Myhome
--

ALTER TABLE ONLY order_name
    ADD CONSTRAINT dish_2 FOREIGN KEY (dish_2) REFERENCES dish(id);


--
-- TOC entry 2026 (class 2606 OID 32946)
-- Name: dish_3; Type: FK CONSTRAINT; Schema: public; Owner: Myhome
--

ALTER TABLE ONLY order_name
    ADD CONSTRAINT dish_3 FOREIGN KEY (dish_3) REFERENCES dish(id);


--
-- TOC entry 2021 (class 2606 OID 32880)
-- Name: dish_is1; Type: FK CONSTRAINT; Schema: public; Owner: Myhome
--

ALTER TABLE ONLY menu
    ADD CONSTRAINT dish_is1 FOREIGN KEY (dish_1) REFERENCES dish(id);


--
-- TOC entry 2022 (class 2606 OID 32885)
-- Name: dish_is2; Type: FK CONSTRAINT; Schema: public; Owner: Myhome
--

ALTER TABLE ONLY menu
    ADD CONSTRAINT dish_is2 FOREIGN KEY (dish_2) REFERENCES dish(id);


--
-- TOC entry 2017 (class 2606 OID 32825)
-- Name: ingredients_is; Type: FK CONSTRAINT; Schema: public; Owner: Myhome
--

ALTER TABLE ONLY stock
    ADD CONSTRAINT ingredients_is FOREIGN KEY (ingredient_id) REFERENCES ingredients(id);


--
-- TOC entry 2018 (class 2606 OID 32845)
-- Name: ingredients_is; Type: FK CONSTRAINT; Schema: public; Owner: Myhome
--

ALTER TABLE ONLY dish
    ADD CONSTRAINT ingredients_is FOREIGN KEY (ingredient_1) REFERENCES ingredients(id);


--
-- TOC entry 2019 (class 2606 OID 32850)
-- Name: ingredients_is2; Type: FK CONSTRAINT; Schema: public; Owner: Myhome
--

ALTER TABLE ONLY dish
    ADD CONSTRAINT ingredients_is2 FOREIGN KEY (ingredient_2) REFERENCES ingredients(id);


--
-- TOC entry 2020 (class 2606 OID 32855)
-- Name: ingredients_is3; Type: FK CONSTRAINT; Schema: public; Owner: Myhome
--

ALTER TABLE ONLY dish
    ADD CONSTRAINT ingredients_is3 FOREIGN KEY (ingredient_3) REFERENCES ingredients(id);


--
-- TOC entry 2029 (class 2606 OID 32986)
-- Name: order_name; Type: FK CONSTRAINT; Schema: public; Owner: Myhome
--

ALTER TABLE ONLY cooked_meals
    ADD CONSTRAINT order_name FOREIGN KEY (order_name) REFERENCES order_name(id);


--
-- TOC entry 2023 (class 2606 OID 32931)
-- Name: waiter_who; Type: FK CONSTRAINT; Schema: public; Owner: Myhome
--

ALTER TABLE ONLY order_name
    ADD CONSTRAINT waiter_who FOREIGN KEY (waiter) REFERENCES employee(id);


--
-- TOC entry 2157 (class 0 OID 0)
-- Dependencies: 6
-- Name: public; Type: ACL; Schema: -; Owner: postgres
--

REVOKE ALL ON SCHEMA public FROM PUBLIC;
REVOKE ALL ON SCHEMA public FROM postgres;
GRANT ALL ON SCHEMA public TO postgres;
GRANT ALL ON SCHEMA public TO PUBLIC;


-- Completed on 2016-07-15 12:16:53

--
-- PostgreSQL database dump complete
--

